,t,y,v_{y},v_{x},x
0,420.4,-0.000309472,-5.77E-05,-5.85E-06,0.000684049
1,420.6,-0.000322378,-6.14E-05,2.29E-05,0.000684361
2,420.8,-0.000334042,-7.15E-05,1.44E-05,0.000693217
3,421,-0.000350992,-2.39E-05,-8.46E-06,0.000690129
4,421.2,-0.000343612,4.33E-05,2.63E-06,0.000689835
5,421.4,-0.000333675,5.73E-05,-6.73E-06,0.000691179
6,421.6,-0.000320685,6.50E-05,-1.92E-05,0.000687145
7,421.8,-0.000307692,5.05E-05,-7.53E-06,0.000683494
8,422,-0.000300483,3.58E-05,-6.46E-06,0.000684132
9,422.2,-0.000293358,4.85E-05,-3.95E-06,0.000680909
10,422.4,-0.0002811,6.34E-05,-8.44E-06,0.000682551
11,422.6,-0.000268017,5.85E-05,-3.76E-06,0.000677535
12,422.8,-0.000257719,6.23E-05,3.24E-05,0.000681045
13,423,-0.000243096,5.36E-05,2.40E-05,0.000690477
14,423.2,-0.00023629,4.76E-05,7.73E-06,0.000690653
15,423.4,-0.000224075,2.93E-05,-6.91E-06,0.000693571
16,423.6,-0.000224561,-3.16E-05,-1.39E-05,0.000687888
17,423.8,-0.000236728,-6.86E-05,3.98E-06,0.000687997
18,424,-0.000252013,-7.16E-05,1.41E-05,0.00068948
19,424.2,-0.000265381,-5.96E-05,2.41E-06,0.000693636
20,424.4,-0.000275848,-6.89E-05,8.13E-06,0.000690444
21,424.6,-0.000292926,-7.54E-05,1.27E-05,0.000696888
22,424.8,-0.000306011,-6.86E-05,1.23E-05,0.000695529
23,425,-0.000320378,-7.85E-05,1.59E-05,0.000701811
24,425.2,-0.000337409,-6.11E-05,3.74E-06,0.000701896
25,425.4,-0.000344826,-5.80E-05,6.05E-06,0.000703306
26,425.6,-0.000360601,-7.81E-05,-1.60E-06,0.000704314
27,425.8,-0.000376068,-6.96E-05,-3.61E-06,0.000702664
28,426,-0.000388424,-6.96E-05,-2.36E-06,0.000702869
29,426.2,-0.000403925,-6.73E-05,-1.03E-05,0.00070172
30,426.4,-0.000415364,-5.25E-05,-1.61E-05,0.000698748
31,426.6,-0.000424932,-5.50E-05,-5.74E-06,0.000695296
32,426.8,-0.000437376,-6.49E-05,1.87E-05,0.000696453
33,427,-0.000450883,-6.36E-05,1.96E-05,0.00070276
34,427.2,-0.000462827,-5.06E-05,4.50E-06,0.000704307
35,427.4,-0.000471129,-2.77E-05,5.84E-06,0.00070456
36,427.6,-0.000473901,-6.98E-05,8.22E-06,0.000706643
37,427.8,-0.000499034,-8.55E-05,3.73E-06,0.000707847
38,428,-0.000508087,-5.80E-05,6.54E-06,0.000708136
39,428.2,-0.000522236,-5.82E-05,8.07E-06,0.000710463
40,428.4,-0.000531362,-6.58E-05,-6.37E-06,0.000711366
41,428.6,-0.000548567,-8.29E-05,6.04E-06,0.000707917
42,428.8,-0.000564527,-6.52E-05,1.52E-05,0.00071378
43,429,-0.000574654,-7.82E-05,8.10E-07,0.00071399
44,429.2,-0.00059582,-9.19E-05,-9.45E-06,0.000714104
45,429.4,-0.000611426,-8.20E-05,-9.36E-06,0.00071021
46,429.6,-0.000628627,-0.000200112,1.30E-05,0.000710359
47,429.8,-0.000691471,-0.00023421,1.08E-06,0.000715425
48,430,-0.000722311,-1.32E-05,6.97E-07,0.000710791
49,430.2,-0.000696757,0.000141712,1.23E-05,0.000715703
50,430.4,-0.000665626,0.000153944,-5.53E-06,0.000715714
51,430.6,-0.00063518,0.000136459,-1.62E-07,0.00071349
52,430.8,-0.000611043,0.000129852,5.83E-06,0.000715649
53,431,-0.000583239,0.000138935,-2.02E-05,0.000715824
54,431.2,-0.000555469,0.000134243,-2.74E-05,0.000707564
55,431.4,-0.000529542,0.000121003,-1.16E-05,0.000704858
56,431.6,-0.000507067,0.000136682,-9.24E-06,0.000702924
57,431.8,-0.000474869,0.000149076,-9.36E-06,0.000701162
58,432,-0.000447437,0.000128913,-6.28E-06,0.00069918
59,432.2,-0.000423304,0.000112186,6.34E-06,0.00069865
60,432.4,-0.000402563,0.000125658,9.77E-06,0.000701714
61,432.6,-0.00037304,0.000135662,1.85E-06,0.000702557
62,432.8,-0.000348298,0.000125955,-2.24E-06,0.000702455
63,433,-0.000322659,0.000129526,1.62E-07,0.000701662
64,433.2,-0.000296488,0.000142432,2.68E-06,0.00070252
65,433.4,-0.000265686,0.000144037,6.71E-07,0.000702732
66,433.6,-0.000238873,0.000124423,4.02E-06,0.000702788
67,433.8,-0.000215917,0.000132874,3.22E-07,0.000704342
68,434,-0.000185723,0.000139591,-5.20E-06,0.000702917
69,434.2,-0.00016008,0.00012899,6.06E-06,0.000702263
70,434.4,-0.000134127,0.000143318,5.48E-06,0.000705342
71,434.6,-0.000102753,0.000146836,-1.38E-05,0.000704455
72,434.8,-7.54E-05,0.000141191,-4.33E-06,0.000699816
73,435,-4.63E-05,0.000145301,4.25E-06,0.000702722
74,435.2,-1.73E-05,0.000146426,2.64E-06,0.000701515
75,435.4,1.23E-05,0.000130121,1.29E-05,0.000703776
76,435.6,3.48E-05,0.00012123,6.73E-06,0.000706674
77,435.8,6.08E-05,0.000133165,1.99E-06,0.00070647
78,436,8.80E-05,0.000143262,8.46E-06,0.000707468
79,436.2,0.00011809,0.000138111,7.00E-06,0.000709852
80,436.4,0.000143286,0.000128092,7.90E-06,0.000710268
81,436.6,0.000169327,0.000116675,7.40E-06,0.000713013
82,436.8,0.000189956,0.000128339,1.45E-06,0.000713228
83,437,0.000220663,0.000143432,-5.35E-06,0.000713593
84,437.2,0.000247329,0.000128026,-7.72E-06,0.00071109
85,437.4,0.000271873,0.000132705,5.86E-06,0.000710504
86,437.6,0.000300411,0.000142523,8.16E-06,0.000713435
87,437.8,0.000328882,0.000131753,1.23E-06,0.000713769
88,438,0.000353112,0.000136709,1.43E-05,0.000713928
89,438.2,0.000383566,0.000140624,2.30E-05,0.000719476
90,438.4,0.000409362,0.000139429,4.47E-06,0.000723141
91,438.6,0.000439337,0.000150828,-3.31E-06,0.000721264
92,438.8,0.000469693,0.000124805,2.57E-05,0.000721815
93,439,0.000489259,0.000135587,3.45E-05,0.000731553
94,439.2,0.000523928,0.000151788,-3.22E-06,0.000735618
95,439.4,0.000549975,0.000126852,-1.31E-05,0.000730266
96,439.6,0.000574669,0.000125032,7.57E-06,0.000730363
97,439.8,0.000599988,0.000128722,8.41E-06,0.000733293
98,440,0.000626158,0.000128344,-2.48E-06,0.000733726
99,440.2,0.000651325,0.00013694,-1.03E-05,0.000732301
100,440.4,0.000680933,0.000150939,-1.13E-05,0.000729615
101,440.6,0.000711701,0.000147195,-1.00E-05,0.000727772
102,440.8,0.000739812,0.000137715,-8.02E-06,0.000725597
103,441,0.000766787,0.000133015,4.23E-06,0.000724566
104,441.2,0.000793018,0.000133177,4.25E-06,0.00072729
105,441.4,0.000820058,0.000138002,1.26E-06,0.000726267
106,441.6,0.000848219,0.000122579,-5.56E-06,0.000727794
107,441.8,0.000869089,0.000108635,-7.14E-06,0.000724045
108,442,0.000891673,0.000125835,-5.34E-06,0.000724939
109,442.2,0.000919424,0.000146197,-1.39E-05,0.000721909
110,442.4,0.000950152,0.000141549,-1.17E-05,0.000719389
111,442.6,0.000976043,0.000143243,5.77E-06,0.000717226
112,442.8,0.001007449,0.000140933,4.72E-06,0.000721695
113,443,0.001032416,0.000118833,-1.33E-05,0.000719114
114,443.2,0.001054982,0.000128089,-1.26E-05,0.000716373
115,443.4,0.001083652,0.000147027,-1.22E-05,0.000714074
116,443.6,0.001113793,0.000136104,-1.74E-05,0.000711499
117,443.8,0.001138094,0.00013767,-2.41E-06,0.000707127
118,444,0.001168861,0.00014178,1.09E-05,0.000710533
119,444.2,0.001194806,0.000121091,1.52E-05,0.000711487
120,444.4,0.001217297,0.000124316,1.41E-05,0.000716595
121,444.6,0.001244532,0.000143017,1.78E-06,0.000717145
122,444.8,0.001274504,0.00014345,-4.61E-08,0.000717305
123,445,0.001301912,0.000134059,-1.39E-05,0.000717127
124,445.2,0.001328128,0.000130303,-8.15E-06,0.000711761
125,445.4,0.001354033,0.000133064,5.48E-06,0.000713866
126,445.6,0.001381354,0.000149088,3.82E-06,0.000713954
127,445.8,0.001413669,0.00014244,4.42E-06,0.000715395
128,446,0.00143833,0.000115597,4.93E-06,0.000715722
129,446.2,0.001459907,0.000128294,5.92E-06,0.000717366
130,446.4,0.001489647,0.000150598,4.28E-06,0.000718089
131,446.6,0.001520147,0.000146578,-1.46E-05,0.00071908
132,446.8,0.001548279,0.000144166,-1.06E-05,0.000712263
133,447,0.001577813,0.000146163,1.39E-05,0.000714827
134,447.2,0.001606744,0.000122836,7.78E-06,0.000717827
135,447.4,0.001626947,1.92E-05,-2.35E-06,0.00071794
136,447.6,0.001614432,-6.77E-05,-1.34E-05,0.000716886
137,447.8,0.001599885,-6.85E-05,-1.15E-05,0.000712569
138,448,0.001587049,-4.60E-05,-3.68E-06,0.000712293
139,448.2,0.001581479,-4.49E-05,1.73E-07,0.000711095
140,448.4,0.001569107,-7.69E-05,1.06E-05,0.000712362
141,448.6,0.001550724,-8.76E-05,1.22E-05,0.000715329
142,448.8,0.001534084,-7.39E-05,1.43E-05,0.00071724
143,449,0.001521147,-7.38E-05,-1.64E-06,0.00072106
144,449.2,0.001504561,-6.85E-05,-3.54E-06,0.000716582
145,449.4,0.001493752,-6.71E-05,1.07E-05,0.000719642
146,449.6,0.001477727,-6.92E-05,1.38E-05,0.000720873
147,449.8,0.001466083,-6.44E-05,7.66E-06,0.000725181
148,450,0.001451968,-6.70E-05,6.36E-06,0.000723935
149,450.2,0.001439273,-7.01E-05,1.33E-05,0.000727723
150,450.4,0.00142392,-7.71E-05,-1.58E-06,0.000729236
151,450.6,0.001408435,-8.44E-05,-8.59E-07,0.000727091
152,450.8,0.001390176,-9.30E-05,1.80E-06,0.000728892
153,451,0.001371227,-8.32E-05,-6.60E-06,0.000727813
154,451.2,0.001356882,-6.84E-05,-1.15E-05,0.000726254
155,451.4,0.001343885,-7.31E-05,-8.03E-06,0.000723229
156,451.6,0.001327638,-6.10E-05,1.12E-05,0.00072304
157,451.8,0.001319471,-5.31E-05,2.17E-05,0.000727705
158,452,0.001306402,-6.43E-05,-5.71E-07,0.000731705
159,452.2,0.001293762,-6.33E-05,-2.72E-05,0.000727477
160,452.4,0.001281081,-7.32E-05,-2.01E-05,0.000720826
161,452.6,0.001264466,-7.44E-05,1.38E-06,0.000719434
162,452.8,0.00125134,-7.13E-05,-1.04E-06,0.000721379
163,453,0.001235965,-7.09E-05,2.84E-06,0.000719016
164,453.2,0.001222973,-5.96E-05,-4.86E-06,0.000722515
165,453.4,0.001212115,-5.87E-05,-1.53E-05,0.000717074
166,453.6,0.0011995,-6.45E-05,1.04E-06,0.000716379
167,453.8,0.001186333,-6.98E-05,-2.80E-07,0.000717489
168,454,0.001171577,-6.72E-05,-1.83E-06,0.000716267
169,454.2,0.001159462,-5.79E-05,-5.26E-06,0.000716758
170,454.4,0.001148409,-5.46E-05,-6.27E-06,0.000714162
171,454.6,0.001137632,-5.63E-05,3.90E-07,0.000714251
172,454.8,0.001125905,-6.73E-05,-9.74E-06,0.000714318
173,455,0.001110704,-7.40E-05,-2.32E-05,0.000710357
174,455.2,0.001096299,-7.51E-05,-1.93E-05,0.000705056
175,455.4,0.001080666,-7.75E-05,-2.39E-05,0.000702621
176,455.6,0.001065289,-8.89E-05,-2.08E-05,0.000695511
177,455.8,0.001045096,-9.17E-05,-2.30E-06,0.00069432
178,456,0.001028619,-7.51E-05,2.09E-06,0.000694592
179,456.2,0.001015072,-8.39E-05,2.66E-06,0.000695157
180,456.4,0.000995063,-8.42E-05,-2.47E-07,0.000695657
181,456.6,0.000981399,-6.44E-05,-5.86E-06,0.000695058
182,456.8,0.000969317,-6.34E-05,-2.56E-06,0.000693313
183,457,0.000956024,-5.19E-05,1.02E-05,0.000694033
184,457.2,0.000948549,-4.19E-05,2.68E-06,0.000697377
185,457.4,0.00093928,-6.02E-05,-7.23E-06,0.000695105
186,457.6,0.000924452,-8.39E-05,-1.72E-06,0.000694483
187,457.8,0.000905739,-8.81E-05,-7.93E-06,0.000694416
188,458,0.000889193,-6.18E-05,-1.51E-05,0.000691311
189,458.2,0.000881011,-4.66E-05,-1.62E-05,0.000688357
190,458.4,0.000870565,-5.45E-05,-2.25E-05,0.000684831
191,458.6,0.00085922,-6.51E-05,-6.30E-06,0.000679344
192,458.8,0.000844545,-8.51E-05,7.05E-06,0.000682309
193,459,0.000825185,-7.90E-05,-7.86E-07,0.000682166
194,459.2,0.000812952,-6.98E-05,6.39E-06,0.000681994
195,459.4,0.000797263,-4.57E-05,1.65E-06,0.000684721
196,459.6,0.000794668,-3.85E-05,-3.21E-06,0.000682654
197,459.8,0.000781856,-6.27E-05,-9.59E-06,0.000683438
198,460,0.000769576,-6.64E-05,-1.10E-05,0.00067882
199,460.2,0.000755283,-6.97E-05,-1.19E-06,0.000679026
200,460.4,0.000741683,-6.90E-05,-6.08E-06,0.000678345
201,460.6,0.000727673,-8.81E-05,7.80E-06,0.000676594
202,460.8,0.000706439,-8.75E-05,1.89E-05,0.000681466
203,461,0.000692661,-6.73E-05,6.40E-07,0.00068416
204,461.2,0.000679503,-5.85E-05,-1.40E-05,0.000681722
205,461.4,0.000669276,-5.82E-05,-9.28E-06,0.000678571
206,461.6,0.000656241,-7.64E-05,-1.02E-05,0.000678008
207,461.8,0.000638726,-6.61E-05,-6.35E-06,0.000674487
208,462,0.000629788,-6.72E-05,1.52E-05,0.000675467
209,462.2,0.000611844,-7.47E-05,1.46E-05,0.00068055
210,462.4,0.000599902,-5.90E-05,8.34E-06,0.000681296
211,462.6,0.000588253,-5.43E-05,2.77E-06,0.000683885
212,462.8,0.00057817,-5.55E-05,-5.28E-06,0.000682402
213,463,0.000566062,-6.97E-05,2.08E-06,0.000681772
214,463.2,0.000550294,-6.98E-05,-9.38E-08,0.000683235
215,463.4,0.000538149,-5.26E-05,-1.30E-05,0.000681735
216,463.6,0.000529272,-8.13E-05,-3.16E-06,0.000678054
217,463.8,0.000505627,-7.93E-05,7.90E-06,0.000680471
218,464,0.000497537,-6.38E-05,-6.83E-06,0.000681214
219,464.2,0.000480112,-6.12E-05,-1.55E-05,0.000677739
220,464.4,0.000473069,-4.86E-05,-3.05E-05,0.000675023
221,464.6,0.000460657,-6.09E-05,-2.50E-05,0.000665558
222,464.8,0.00044872,-6.61E-05,-7.02E-07,0.000665023
223,465,0.000434201,-6.48E-05,-6.00E-06,0.000665278
224,465.2,0.000422792,-5.86E-05,-1.68E-05,0.000662622
225,465.4,0.000410769,-3.76E-05,-7.06E-06,0.000658541
226,465.6,0.00040775,-5.30E-05,1.65E-05,0.000659797
227,465.8,0.000389575,-5.94E-05,6.38E-06,0.000665128
228,466,0.000384003,-4.85E-05,-2.32E-06,0.000662348
229,466.2,0.000370188,-8.31E-05,6.31E-06,0.000664201
230,466.4,0.000350777,-8.20E-05,-5.49E-06,0.000664874
231,466.6,0.000337392,-6.35E-05,-9.17E-06,0.000662003
232,466.8,0.000325372,-6.24E-05,4.00E-06,0.000661206
233,467,0.000312422,-6.46E-05,1.71E-05,0.000663604
234,467.2,0.000299529,-6.99E-05,-1.76E-06,0.00066805
235,467.4,0.000284463,-8.35E-05,-1.64E-05,0.000662901
236,467.6,0.000266134,-8.01E-05,-4.41E-06,0.000661477
237,467.8,0.000252435,-6.39E-05,-6.78E-06,0.000661135
238,468,0.000240554,-6.97E-05,-1.45E-05,0.000658765
239,468.2,0.000224535,-9.63E-05,-1.38E-05,0.000655322
240,468.4,0.000202044,-9.54E-05,-1.21E-05,0.000653257
241,468.6,0.000186392,-6.82E-05,-1.42E-05,0.000650497
242,468.8,0.000174764,-6.70E-05,-2.83E-06,0.000647569
243,469,0.000159582,-6.22E-05,5.32E-06,0.000649367
244,469.2,0.000149875,-5.68E-05,6.01E-06,0.000649695
245,469.4,0.000136847,-5.41E-05,5.93E-06,0.000651772
246,469.6,0.000128221,-6.27E-05,8.45E-06,0.000652066
247,469.8,0.000111782,-5.78E-05,1.73E-05,0.000655153
248,470,0.000105091,-5.74E-05,1.42E-05,0.000658982
249,470.2,8.88E-05,-7.66E-05,1.30E-05,0.000660848
250,470.4,7.44E-05,-6.62E-05,9.10E-06,0.000664167
251,470.6,6.23E-05,-5.55E-05,-7.46E-06,0.000664489
252,470.8,5.22E-05,-5.59E-05,-1.17E-06,0.000661185
253,471,4.00E-05,-5.47E-05,-3.99E-06,0.00066402
254,471.2,3.04E-05,-8.34E-05,1.35E-05,0.000659588
255,471.4,6.62E-06,-9.21E-05,3.21E-05,0.000669412
256,471.6,-6.47E-06,-6.59E-05,-5.48E-06,0.000672425
257,471.8,-1.97E-05,-7.51E-05,-6.84E-06,0.000667219
258,472,-3.65E-05,-7.43E-05,7.89E-06,0.000669689
259,472.2,-4.95E-05,-6.75E-05,1.42E-05,0.000670375
260,472.4,-6.35E-05,-6.46E-05,1.49E-05,0.00067535
261,472.6,-7.53E-05,-7.24E-05,4.43E-06,0.000676332
262,472.8,-9.25E-05,-7.76E-05,5.34E-08,0.000677122
263,473,-0.000106351,-7.25E-05,-4.90E-06,0.000676353
264,473.2,-0.00012152,-7.36E-05,3.98E-06,0.000675161
265,473.4,-0.000135803,-8.06E-05,1.04E-05,0.000677946
266,473.6,-0.000153776,-7.57E-05,-5.24E-06,0.000679314
267,473.8,-0.000166092,-5.34E-05,-9.13E-06,0.000675848
268,474,-0.000175124,-6.12E-05,1.69E-06,0.000675661
269,474.2,-0.000190589,-6.55E-05,6.99E-06,0.000676525
270,474.4,-0.000201315,-5.30E-05,-3.51E-06,0.000678457
271,474.6,-0.000211791,-5.87E-05,-2.19E-05,0.000675123
272,474.8,-0.000224791,-6.90E-05,-2.34E-05,0.000669709
273,475,-0.000239372,-6.81E-05,-1.94E-05,0.000665778
274,475.2,-0.000252019,-8.18E-05,-8.65E-07,0.000661962
275,475.4,-0.000272077,-7.06E-05,9.40E-06,0.000665432
276,475.6,-0.00028024,-4.86E-05,-5.40E-06,0.00066572
277,475.8,-0.000291529,-6.42E-05,-4.93E-06,0.000663271
278,476,-0.0003059,-7.42E-05,7.59E-06,0.000663748
279,476.2,-0.000321216,-6.75E-05,-3.48E-06,0.000666305
280,476.4,-0.000332882,-5.90E-05,1.07E-06,0.000662354
281,476.6,-0.000344836,-6.78E-05,2.18E-05,0.000666733
282,476.8,-0.000359983,-2.40E-06,2.39E-05,0.000671081
283,477,-0.000345795,9.43E-05,3.86E-06,0.000676284
284,477.2,-0.000322249,0.000119496,-9.47E-07,0.000672625
285,477.4,-0.000297996,0.00012643,-1.06E-06,0.000675905
286,477.6,-0.000271677,0.000126587,-1.00E-05,0.000672202
287,477.8,-0.000247361,0.000125072,-1.17E-07,0.000671888
288,478,-0.000221648,0.000127849,1.56E-06,0.000672156
289,478.2,-0.000196222,0.000143261,6.64E-06,0.000672512
290,478.4,-0.000164343,0.00014674,1.03E-06,0.00067481
291,478.6,-0.000137526,0.000136161,-1.60E-05,0.000672925
292,478.8,-0.000109879,0.00013877,-2.24E-06,0.000668403
293,479,-8.20E-05,0.00013935,2.89E-06,0.000672028
294,479.2,-5.41E-05,0.000131963,-4.08E-06,0.00066956
295,479.4,-2.92E-05,0.000122875,8.50E-06,0.000670395
296,479.6,-4.99E-06,0.000148327,-1.74E-05,0.000672959
297,479.8,3.01E-05,0.000152153,-1.99E-05,0.000663426
298,480,5.59E-05,0.000139289,-2.83E-06,0.000665
299,480.2,8.58E-05,0.000159832,8.27E-06,0.000662293
300,480.4,0.000119804,0.000150732,1.28E-05,0.000668308
301,480.6,0.000146106,0.000138852,-3.38E-06,0.000667407
302,480.8,0.000175345,0.000151264,-8.17E-07,0.000666957
303,481,0.000206612,0.000153092,-1.25E-05,0.00066708
304,481.2,0.000236582,0.000141431,-1.31E-05,0.000661942
305,481.4,0.000263184,0.000130144,5.71E-06,0.000661846
306,481.6,0.000288639,0.000134543,9.09E-06,0.000664224
307,481.8,0.000317001,0.000132963,-6.10E-06,0.00066548
308,482,0.000341825,0.00012942,-1.66E-05,0.000661786
309,482.2,0.000368769,0.000134949,-6.42E-06,0.000658859
310,482.4,0.000395804,0.000155166,-4.64E-06,0.000659218
311,482.6,0.000430836,0.000152108,2.97E-07,0.000657003
312,482.8,0.000456647,0.000115576,-2.20E-06,0.000659336
313,483,0.000477066,0.000119368,-5.32E-07,0.000656122
314,483.2,0.000504394,0.000142792,5.36E-07,0.000659124
315,483.4,0.000534183,0.000133454,-1.16E-05,0.000656337
316,483.6,0.000557776,0.00011354,6.89E-06,0.00065448
317,483.8,0.000579599,0.000149603,7.86E-06,0.000659093
318,484,0.000617617,0.00014903,9.31E-07,0.000657626
319,484.2,0.000639211,0.000123273,6.98E-06,0.000659465
320,484.4,0.000666926,0.000138878,9.29E-06,0.000660416
321,484.6,0.000694762,0.00013537,1.40E-05,0.000663182
322,484.8,0.000721074,0.000135441,-3.36E-08,0.000665998
323,485,0.000748939,0.00013863,-5.19E-06,0.000663169
324,485.2,0.000776526,0.00013086,1.87E-06,0.000663922
325,485.4,0.000801283,0.000120602,4.88E-06,0.000663916
326,485.6,0.000824767,0.000142939,7.99E-06,0.000665873
327,485.8,0.000858458,0.000144035,1.17E-05,0.000667113
328,486,0.000882381,0.000138625,-3.44E-07,0.00067057
329,486.2,0.000913909,0.000144817,-2.28E-05,0.000666976
330,486.4,0.000940308,0.000132243,-1.42E-05,0.000661469
331,486.6,0.000966806,0.000119202,-1.11E-06,0.00066129
332,486.8,0.000987988,0.000149694,-1.31E-05,0.000661026
333,487,0.001026683,0.000152523,-7.67E-06,0.000656051
334,487.2,0.001048998,0.000121389,5.40E-06,0.000657957
335,487.4,0.001075239,0.000133721,7.93E-07,0.00065821
336,487.6,0.001102486,0.000133902,-7.15E-06,0.000658274
337,487.8,0.0011288,4.60E-05,-5.37E-06,0.000655348
338,488,0.001120875,-5.85E-05,9.46E-09,0.000656125
339,488.2,0.001105409,-8.12E-05,3.98E-06,0.000655352
340,488.4,0.001088386,-7.23E-05,-9.52E-07,0.000657718
341,488.6,0.001076497,-6.68E-05,9.99E-07,0.000654971
342,488.8,0.001061651,-6.69E-05,2.30E-05,0.000658117
343,489,0.001049726,-6.90E-05,9.41E-06,0.000664186
344,489.2,0.001034043,-7.10E-05,-1.02E-05,0.00066188
345,489.4,0.001021311,-4.61E-05,-2.29E-06,0.000660107
346,489.6,0.001015594,-7.25E-05,9.01E-06,0.000660964
347,489.8,0.000992293,-0.000108006,7.47E-06,0.000663711
348,490,0.000972392,-8.40E-05,-4.10E-07,0.000663951
349,490.2,0.000958688,-6.84E-05,5.64E-06,0.000663547
350,490.4,0.000945052,-6.08E-05,6.33E-07,0.000666206
351,490.6,0.000934353,-5.19E-05,-7.39E-06,0.0006638
352,490.8,0.000924302,-5.28E-05,8.79E-06,0.00066325
353,491,0.000913245,-5.72E-05,1.25E-05,0.000667317
354,491.2,0.00090141,-6.26E-05,6.89E-06,0.000668249
355,491.4,0.000888188,-7.06E-05,3.98E-06,0.000670071
356,491.6,0.000873168,-6.88E-05,-6.44E-07,0.000669843
357,491.8,0.000860673,-6.81E-05,-1.12E-06,0.000669814
358,492,0.00084594,-7.30E-05,8.87E-06,0.000669394
359,492.2,0.000831474,-5.70E-05,-1.20E-06,0.000673363
360,492.4,0.000823132,-4.09E-05,-8.52E-06,0.000668916
361,492.6,0.000815105,-4.15E-05,2.56E-06,0.000669955
362,492.8,0.000806514,-4.55E-05,1.49E-05,0.000669941
363,493,0.000796917,-4.60E-05,1.60E-05,0.000675907
364,493.2,0.000788122,-5.44E-05,-9.04E-06,0.000676343
365,493.4,0.000775158,-6.03E-05,-1.64E-05,0.000672292
366,493.6,0.000763998,-5.35E-05,6.49E-06,0.000669796
367,493.8,0.000753773,-4.60E-05,2.32E-05,0.000674887
368,494,0.000745614,-5.77E-05,1.11E-05,0.00067909
369,494.2,0.000730712,-7.68E-05,7.01E-06,0.000679321
370,494.4,0.000714909,-6.84E-05,5.35E-06,0.000681892
371,494.6,0.000703346,-5.49E-05,-1.73E-06,0.000681462
372,494.8,0.000692964,-6.77E-05,-3.74E-06,0.0006812
373,495,0.000676251,-7.24E-05,-6.46E-06,0.000679967
374,495.2,0.000664013,-6.89E-05,-5.69E-06,0.000678617
375,495.4,0.000648702,-6.91E-05,-1.53E-05,0.000677692
376,495.6,0.000636385,-6.24E-05,-1.88E-05,0.000672495
377,495.8,0.000623747,-5.64E-05,-1.82E-06,0.000670161
378,496,0.000613843,-4.53E-05,5.82E-06,0.000671766
379,496.2,0.000605619,-7.29E-05,9.40E-07,0.000672489
380,496.4,0.000584667,-8.49E-05,-3.86E-06,0.000672142
381,496.6,0.000571641,-5.43E-05,9.76E-07,0.000670946
382,496.8,0.000562928,-6.66E-05,1.73E-05,0.000672532
383,497,0.000545015,-7.79E-05,2.18E-05,0.000677873
384,497.2,0.000531784,-6.86E-05,1.41E-05,0.000681244
385,497.4,0.000517582,-7.02E-05,6.17E-06,0.00068351
386,497.6,0.000503686,-8.23E-05,6.45E-06,0.000683712
387,497.8,0.000484671,-7.44E-05,-1.48E-05,0.000686091
388,498,0.000473924,-6.99E-05,-2.26E-05,0.00067778
389,498.2,0.000456694,-8.07E-05,2.56E-07,0.000677045
390,498.4,0.000441639,-6.13E-05,1.76E-06,0.000677882
391,498.6,0.000432177,-5.47E-05,6.13E-06,0.00067775
392,498.8,0.000419764,-8.23E-05,9.03E-06,0.000680336
393,499,0.000399276,-7.71E-05,-9.09E-08,0.000681363
394,499.2,0.00038893,-5.38E-05,-3.03E-06,0.0006803
395,499.4,0.000377771,-5.81E-05,2.93E-07,0.00068015
396,499.6,0.000365671,-6.20E-05,-4.83E-06,0.000680417
397,499.8,0.000352984,-6.79E-05,-1.56E-05,0.000678218
398,500,0.000338496,-6.33E-05,-1.93E-05,0.00067416
399,500.2,0.000327655,-4.90E-05,-6.48E-06,0.000670488
400,500.4,0.000318905,-6.06E-05,-1.23E-05,0.000671569
401,500.6,0.000303418,-7.14E-05,-6.38E-06,0.000665575
402,500.8,0.000290335,-6.23E-05,-1.26E-07,0.000669017
403,501,0.000278513,-7.64E-05,-1.31E-06,0.000665525
404,501.2,0.000259758,-7.83E-05,5.40E-06,0.000668493
405,501.4,0.000247184,-6.34E-05,5.00E-06,0.000667684
406,501.6,0.00023438,-6.20E-05,7.72E-06,0.000670493
407,501.8,0.000222395,-6.86E-05,-7.12E-06,0.000670773
408,502,0.000206929,-7.66E-05,-7.41E-07,0.000667644
409,502.2,0.000191772,-8.21E-05,-1.55E-06,0.000670477
410,502.4,0.000174102,-6.83E-05,-1.48E-05,0.000667025
411,502.6,0.000164457,-6.06E-05,-7.40E-06,0.00066455
412,502.8,0.000149856,-6.76E-05,2.25E-07,0.000664064
413,503,0.000137415,-5.99E-05,2.14E-06,0.00066464
414,503.2,0.000125894,-5.18E-05,-8.78E-07,0.000664921
415,503.4,0.000116689,-7.99E-05,1.13E-05,0.000664289
416,503.6,9.39E-05,-8.89E-05,9.69E-06,0.000669459
417,503.8,8.11E-05,-5.19E-05,-1.29E-05,0.000668167
418,504,7.32E-05,-5.64E-05,-1.83E-05,0.000664304
419,504.2,5.86E-05,-6.69E-05,-2.27E-05,0.000660843
420,504.4,4.64E-05,-5.68E-05,-1.05E-05,0.00065522
421,504.6,3.58E-05,-4.17E-05,7.24E-07,0.000656631
422,504.8,2.97E-05,-8.77E-05,1.02E-05,0.00065551
423,505,7.50E-07,-0.000109532,4.53E-06,0.000660692
424,505.2,-1.41E-05,-7.53E-05,-8.91E-06,0.000657321
425,505.4,-2.94E-05,-7.11E-05,-9.38E-06,0.000657127
426,505.6,-4.25E-05,-6.29E-05,-1.86E-07,0.000653569
427,505.8,-5.45E-05,-5.04E-05,1.11E-05,0.000657053
428,506,-6.27E-05,-5.20E-05,1.50E-05,0.000658021
429,506.2,-7.53E-05,-4.51E-05,1.51E-05,0.000663038
430,506.4,-8.07E-05,-6.68E-05,1.66E-05,0.000664073
431,506.6,-0.000102034,-8.73E-05,1.95E-05,0.000669679
432,506.8,-0.000115655,-6.79E-05,-6.78E-06,0.000671857
433,507,-0.000129203,-6.10E-05,-1.48E-05,0.000666967
434,507.2,-0.000140049,-6.43E-05,5.48E-06,0.00066595
435,507.4,-0.000154935,-6.07E-05,-5.37E-06,0.000669158
436,507.6,-0.000164346,-5.43E-05,-1.01E-05,0.000663803
437,507.8,-0.000176638,-8.16E-05,2.94E-06,0.000665134
438,508,-0.00019699,-8.13E-05,8.57E-06,0.000664979
439,508.2,-0.00020915,-6.10E-05,1.74E-05,0.000668563
440,508.4,-0.000221404,-5.76E-05,2.21E-06,0.000671936
441,508.6,-0.000232193,-6.85E-05,-9.91E-06,0.000669447
442,508.8,-0.000248818,-7.70E-05,-3.90E-08,0.00066797
443,509,-0.000262975,-6.23E-05,8.79E-06,0.000669432
444,509.2,-0.000273737,-4.68E-05,5.47E-06,0.000671487
445,509.4,-0.000281679,-7.25E-05,4.32E-06,0.000671619
446,509.6,-0.000302734,-8.20E-05,2.00E-06,0.000673214
447,509.8,-0.000314482,-5.13E-05,-1.84E-06,0.000672421
448,510,-0.000323256,-5.78E-05,-6.99E-06,0.000672477
449,510.2,-0.000337585,-6.88E-05,-2.10E-06,0.000669623
450,510.4,-0.000350761,-7.06E-05,7.40E-06,0.000671635
451,510.6,-0.00036581,-6.99E-05,8.38E-06,0.000672583
452,510.8,-0.000378704,-7.75E-05,5.22E-06,0.000674985
453,511,-0.000396792,-8.18E-05,-2.96E-06,0.000674672
454,511.2,-0.000411421,-6.40E-05,2.58E-06,0.000673802
455,511.4,-0.000422404,-6.60E-05,6.68E-06,0.000675703
456,511.6,-0.000437802,-6.97E-05,-2.24E-06,0.000676473
457,511.8,-0.00045027,-6.43E-05,-5.51E-06,0.000674808
458,512,-0.000463539,-7.27E-05,-1.18E-05,0.000674268
459,512.2,-0.000479369,-9.81E-05,1.69E-07,0.000670106
460,512.4,-0.000502772,-9.05E-05,-1.78E-06,0.000674335
461,512.6,-0.000515554,-8.22E-05,-1.76E-05,0.000669393
462,512.8,-0.000535653,-7.63E-05,-1.16E-05,0.000667306
463,513,-0.000546082,-2.93E-05,-4.58E-06,0.000664771
464,513.2,-0.000547391,5.41E-05,-5.53E-06,0.000665475
465,513.4,-0.000524461,0.000110096,-7.12E-06,0.00066256
466,513.6,-0.000503353,0.000149328,-1.04E-05,0.000662626
467,513.8,-0.000464729,0.000161393,-6.70E-07,0.000658383
468,514,-0.000438795,0.000124396,1.75E-05,0.000662358
469,514.2,-0.000414971,0.000141046,3.06E-06,0.000665399
470,514.4,-0.000382377,0.000137932,4.20E-07,0.000663583
471,514.6,-0.000359798,0.000128538,4.80E-06,0.000665567
472,514.8,-0.000330962,0.000131537,-6.03E-06,0.000665501
473,515,-0.000307183,0.000140532,-3.59E-06,0.000663153
474,515.2,-0.000274749,0.000135567,5.30E-06,0.000664066
475,515.4,-0.000252956,0.000119627,-2.91E-06,0.000665274
476,515.6,-0.000226898,0.000123056,-1.39E-05,0.0006629
477,515.8,-0.000203734,0.000130102,-1.99E-05,0.00065973
478,516,-0.000174857,0.000128522,-9.15E-06,0.000654929
479,516.2,-0.000152325,0.000125808,1.05E-05,0.000656071
480,516.4,-0.000124534,0.000141234,1.05E-05,0.000659136
481,516.6,-9.58E-05,0.000146696,9.35E-06,0.000660272
482,516.8,-6.59E-05,0.000149815,9.44E-06,0.000662876
483,517,-3.59E-05,0.000132032,2.33E-05,0.000664047
484,517.2,-1.30E-05,0.000148208,1.54E-05,0.000672207
485,517.4,2.34E-05,0.000148071,-1.07E-05,0.000670219
486,517.6,4.62E-05,0.000135751,-4.32E-08,0.000667941
487,517.8,7.77E-05,0.000144891,1.20E-05,0.000670202
488,518,0.000104142,0.000136387,8.84E-06,0.000672722
489,518.2,0.000132233,0.000145236,9.31E-06,0.000673739
490,518.4,0.000162236,0.000159808,1.06E-05,0.000676446
491,518.6,0.000196156,0.000161449,9.71E-06,0.000677997
492,518.8,0.000226816,0.000148523,1.22E-05,0.000680331
493,519,0.000255565,0.000140004,1.27E-05,0.000682889
494,519.2,0.000282817,0.000142484,1.48E-05,0.000685402
495,519.4,0.000312559,0.000135872,-3.16E-07,0.0006888
496,519.6,0.000337166,0.00012993,-4.05E-06,0.000685275
497,519.8,0.000364531,0.000120184,1.98E-05,0.000687181
498,520,0.00038524,0.000134827,5.60E-06,0.000693188
499,520.2,0.000418462,0.000150994,-1.30E-05,0.00068942
500,520.4,0.000445638,0.000135064,-5.29E-06,0.000687996
501,520.6,0.000472488,0.000151159,1.84E-07,0.000687302
502,520.8,0.000506101,0.000138585,-1.39E-05,0.00068807
503,521,0.000527922,0.000121046,-1.58E-05,0.000681758
504,521.2,0.00055452,0.000136428,-1.51E-05,0.000681749
505,521.4,0.000582493,0.000147939,-2.42E-05,0.000675735
506,521.6,0.000613695,0.00013735,-1.10E-06,0.000672085
507,521.8,0.000637433,0.000139985,1.83E-06,0.000675297
508,522,0.000669689,0.000154457,-6.48E-06,0.000672819
509,522.2,0.000699216,0.000135969,6.38E-06,0.000672706
510,522.4,0.000724077,0.000136003,-7.10E-06,0.00067537
511,522.6,0.000753617,0.000134292,-1.79E-05,0.000669864
512,522.8,0.000777794,0.000146118,9.65E-07,0.000668198
513,523,0.000812064,0.000168094,1.04E-06,0.00067025
514,523.2,0.000845032,0.000153292,-1.03E-05,0.000668613
515,523.4,0.000873381,0.000151733,-1.18E-05,0.000666112
516,523.6,0.000905725,0.000161738,-4.56E-06,0.000663873
517,523.8,0.000938076,0.000151885,-8.36E-06,0.000664287
518,524,0.000966479,0.000114159,1.23E-05,0.00066053
519,524.2,0.00098374,0.000176895,4.30E-07,0.000669194
520,524.4,0.001037237,0.000198438,-1.37E-05,0.000660702
521,524.6,0.001063115,9.35E-05,1.90E-05,0.000663731
522,524.8,0.001074628,0.000121025,2.34E-05,0.00066831
523,525,0.001111525,0.000176801,1.19E-05,0.000673083
524,525.2,0.001145348,0.000155385,1.88E-06,0.000673057
525,525.4,0.001173679,0.000149467,2.00E-06,0.000673833
526,525.6,0.001205135,0.000140354,-1.37E-05,0.000673855
527,525.8,0.001229821,0.000128891,-1.05E-05,0.000668352
528,526,0.001256691,0.000118985,2.03E-06,0.000669641
529,526.2,0.001277414,0.000130688,2.54E-06,0.000669165
530,526.4,0.001308966,0.000145053,7.27E-06,0.000670657
531,526.6,0.001335436,0.000139176,1.15E-06,0.000672071
532,526.8,0.001364637,0.000159439,-5.05E-06,0.000671115
533,527,0.001399211,0.000178949,3.92E-06,0.000670051
534,527.2,0.001436216,0.000166066,1.14E-05,0.000672684
535,527.4,0.001465638,0.0001412,3.81E-06,0.000674599
536,527.6,0.001492696,0.000160994,-5.88E-06,0.000674207
537,527.8,0.001530036,0.000152842,-1.07E-05,0.000672247
538,528,0.001553833,0.000127037,-4.18E-06,0.000669909
539,528.2,0.00158085,0.000147059,-3.75E-06,0.000670574
540,528.4,0.001612657,7.67E-05,-8.67E-06,0.00066841
541,528.6,0.00161153,-2.09E-05,-2.12E-05,0.000667104
542,528.8,0.001604317,-5.78E-05,-2.35E-05,0.000659944
543,529,0.00158842,-6.51E-05,-5.23E-06,0.000657698
544,529.2,0.001578274,-4.70E-05,-5.43E-06,0.000657853
545,529.4,0.001569621,-5.45E-05,-1.01E-05,0.000655525
546,529.6,0.00155647,-5.60E-05,1.09E-05,0.000653826
547,529.8,0.001547224,-6.33E-05,8.97E-06,0.000659866
548,530,0.001531164,-6.57E-05,2.74E-06,0.000657414
549,530.2,0.001520953,-6.85E-05,1.20E-05,0.000660963
550,530.4,0.001503779,-7.84E-05,7.75E-07,0.00066222
551,530.6,0.001489581,-6.56E-05,1.85E-06,0.000661273
552,530.8,0.001477527,-5.88E-05,1.10E-05,0.000662958
553,531,0.001466059,-7.33E-05,1.49E-05,0.000665679
554,531.2,0.001448196,-8.04E-05,2.24E-05,0.000668916
555,531.4,0.001433893,-7.93E-05,1.47E-05,0.000674623
556,531.6,0.001416493,-8.83E-05,1.76E-06,0.000674813
557,531.8,0.001398576,-7.27E-05,1.91E-06,0.000675326
558,532,0.001387419,-4.51E-05,-1.10E-05,0.000675578
559,532.2,0.001380551,-4.46E-05,-1.06E-05,0.000670941
560,532.4,0.001369589,-7.44E-05,1.49E-05,0.000671338
561,532.6,0.001350809,-7.16E-05,3.13E-05,0.000676908
562,532.8,0.001340937,-5.27E-05,3.72E-05,0.000683866
563,533,0.001329722,-6.11E-05,2.84E-05,0.000691791
564,533.2,0.00131649,-6.82E-05,9.34E-06,0.000695245
565,533.4,0.001302429,-7.51E-05,2.70E-06,0.000695528
566,533.6,0.001286448,-5.80E-05,1.83E-06,0.000696323
567,533.8,0.001279223,-3.70E-05,6.80E-06,0.000696261
568,534,0.001271649,-4.69E-05,6.24E-06,0.000699044
569,534.2,0.001260462,-7.14E-05,5.37E-06,0.000698757
570,534.4,0.001243081,-5.95E-05,1.02E-05,0.00070119
571,534.6,0.001236672,-4.58E-05,3.05E-06,0.000702818
572,534.8,0.001224745,-5.78E-05,3.18E-06,0.000702408
573,535,0.001213535,-6.73E-05,2.07E-05,0.000704092
574,535.2,0.001197828,-7.48E-05,3.16E-05,0.000710675
575,535.4,0.001183621,-6.24E-05,1.04E-05,0.00071675
576,535.6,0.001172859,-6.18E-05,1.30E-06,0.000714815
577,535.8,0.001158919,-2.70E-05,2.01E-05,0.000717268
578,536,0.001162055,-7.67E-05,2.16E-05,0.000722845
579,536.2,0.001128245,-9.83E-05,1.12E-05,0.00072589
580,536.4,0.001122725,-3.54E-05,1.38E-05,0.000727336
581,536.6,0.001114087,-6.40E-05,3.55E-05,0.000731395
582,536.8,0.001097126,1.38E-05,5.77E-05,0.000741543
583,537,0.001119626,-1.53E-06,1.90E-05,0.000754485
584,537.2,0.001096514,-0.000145977,-2.76E-05,0.00074916
585,537.4,0.001061235,-0.00011615,-2.11E-05,0.000743443
586,537.6,0.001050054,-3.32E-05,-2.55E-05,0.00074072
587,537.8,0.001047953,-9.66E-06,-3.73E-05,0.000733249
588,538,0.00104619,3.89E-05,-5.04E-05,0.000725815
589,538.2,0.001063509,2.95E-05,-2.36E-05,0.000713084
590,538.4,0.001057987,-4.25E-05,5.97E-06,0.000716394
591,538.6,0.001046516,-5.23E-05,-8.98E-06,0.000715474
592,538.8,0.001037055,-3.21E-05,-4.10E-06,0.000712803
593,539,0.001033695,-3.52E-05,1.38E-06,0.000713832
594,539.2,0.001022956,-2.48E-05,-1.11E-06,0.000713354
595,539.4,0.00102376,-7.10E-05,9.80E-05,0.000713388
596,539.6,0.000994569,-8.80E-05,9.05E-05,0.000752539
597,539.8,0.000988541,-5.93E-05,-9.24E-06,0.000749586
598,540,0.000970866,-6.84E-05,-7.80E-06,0.000748843
599,540.2,0.000961172,-5.04E-05,-1.71E-05,0.000746466
600,540.4,0.000950689,-0.000134154,-2.08E-05,0.000742011
601,540.6,0.000907511,-0.000205517,-4.73E-05,0.000738164
602,540.8,0.000868482,-0.000140161,-5.19E-05,0.000723075
603,541,0.000851446,-7.31E-05,-2.83E-05,0.000717388
604,541.2,0.00083923,-6.18E-05,-1.27E-05,0.000711769
605,541.4,0.000826721,-5.72E-05,-6.55E-06,0.000712305
606,541.6,0.000816356,-6.49E-05,-2.32E-05,0.000709147
607,541.8,0.000800742,-7.81E-05,-4.31E-05,0.000703013
608,542,0.00078513,-8.07E-05,-5.36E-05,0.000691917
609,542.2,0.000768476,-9.05E-05,-3.11E-05,0.000681578
610,542.4,0.000748944,-9.21E-05,-1.53E-05,0.000679463
611,542.6,0.000731617,-7.86E-05,-9.41E-06,0.000675477
612,542.8,0.000717497,-7.38E-05,-8.56E-06,0.0006757
613,543,0.000702103,-8.30E-05,-8.30E-06,0.000672054
614,543.2,0.000684309,-7.80E-05,-7.84E-06,0.000672379
615,543.4,0.000670889,-5.88E-05,-5.43E-07,0.000668919
616,543.6,0.000660785,-6.56E-05,1.56E-05,0.000672161
617,543.8,0.000644648,-6.95E-05,7.16E-06,0.000675143
618,544,0.000632968,-5.34E-05,-5.99E-06,0.000675024
619,544.2,0.000623271,-5.37E-05,-8.74E-06,0.000672748
620,544.4,0.00061148,-7.30E-05,-9.31E-06,0.000671527
621,544.6,0.000594051,-8.31E-05,-7.17E-06,0.000669024
622,544.8,0.000578252,-7.85E-05,-1.53E-05,0.000668658
623,545,0.000562656,-7.97E-05,-1.85E-05,0.000662897
624,545.2,0.000546391,-6.82E-05,-8.69E-06,0.000661262
625,545.4,0.000535363,-5.08E-05,-6.09E-06,0.00065942
626,545.6,0.00052609,-5.07E-05,-4.99E-06,0.000658824
627,545.8,0.000515101,-9.18E-05,-9.78E-06,0.000657423
628,546,0.000489365,-9.37E-05,-4.28E-06,0.000654912
629,546.2,0.000477605,-6.71E-05,-7.56E-06,0.000655711
630,546.4,0.000462511,-7.53E-05,-1.39E-05,0.000651886
631,546.6,0.000447492,-8.09E-05,-4.20E-07,0.000650167
632,546.8,0.000430144,-6.72E-05,1.32E-06,0.000651718
633,547,0.000420606,-6.10E-05,-3.59E-06,0.000650693
634,547.2,0.000405759,-7.54E-05,4.60E-06,0.000650282
635,547.4,0.000390445,-7.61E-05,-4.11E-06,0.000652534
636,547.6,0.000375314,-6.55E-05,-2.04E-05,0.000648636
637,547.8,0.000364228,-5.52E-05,-1.03E-05,0.000644364
638,548,0.000353249,-5.80E-05,1.09E-06,0.000644531
639,548.2,0.000341019,-7.72E-05,-9.18E-06,0.000644799
640,548.4,0.000322357,-9.27E-05,-1.81E-05,0.000640858
641,548.6,0.00030392,-9.18E-05,-2.54E-05,0.00063755
642,548.8,0.000285627,-8.08E-05,-2.13E-05,0.000630709
643,549,0.000271594,-7.32E-05,-1.89E-05,0.00062903
644,549.2,0.000256366,-6.80E-05,-1.54E-05,0.00062316
645,549.4,0.000244411,-5.63E-05,-1.17E-06,0.000622885
646,549.6,0.000233863,-5.76E-05,1.37E-06,0.000622692
647,549.8,0.000221361,-6.04E-05,-5.14E-06,0.000623432
648,550,0.000209715,-6.69E-05,2.32E-06,0.000620635
649,550.2,0.000194599,-6.19E-05,1.26E-05,0.00062436
650,550.4,0.000184974,-6.76E-05,5.42E-06,0.000625667
651,550.6,0.000167556,-8.74E-05,-1.97E-06,0.00062653
652,550.8,0.000150005,-8.26E-05,-1.65E-06,0.000624879
653,551,0.000134528,-6.68E-05,1.46E-06,0.000625871
654,551.2,0.000123297,-7.00E-05,6.94E-06,0.000625463
655,551.4,0.000106521,-8.55E-05,1.19E-05,0.000628647
656,551.6,8.91E-05,-7.58E-05,8.34E-06,0.000630211
657,551.8,7.62E-05,-6.13E-05,1.66E-05,0.000631983
658,552,6.46E-05,-5.87E-05,1.17E-05,0.000636864
659,552.2,5.27E-05,-6.06E-05,-7.20E-06,0.000636664
660,552.4,4.04E-05,-6.29E-05,-7.30E-06,0.000633985
661,552.6,2.76E-05,-7.22E-05,6.61E-06,0.000633743
662,552.8,1.15E-05,-8.43E-05,1.45E-05,0.000636629
663,553,-6.10E-06,-5.84E-05,1.64E-05,0.000639536
664,553.2,-1.19E-05,-4.36E-05,3.18E-05,0.000643188
665,553.4,-2.35E-05,-6.30E-05,3.69E-05,0.000652256
666,553.6,-3.71E-05,-7.61E-05,1.41E-05,0.000657949
667,553.8,-5.40E-05,-6.47E-05,6.96E-07,0.000657876
668,554,-6.30E-05,-5.02E-05,2.01E-07,0.000658227
669,554.2,-7.41E-05,-6.48E-05,5.41E-07,0.000657956
670,554.4,-8.89E-05,-8.28E-05,1.96E-05,0.000658444
671,554.6,-0.000107211,-7.07E-05,2.07E-05,0.000665789
672,554.8,-0.000117137,-6.56E-05,1.96E-06,0.000666711
673,555,-0.000133445,-7.94E-05,-9.67E-07,0.000666573
674,555.2,-0.000148888,-6.89E-05,6.13E-06,0.000666324
675,555.4,-0.000161018,-6.95E-05,9.05E-06,0.000669025
676,555.6,-0.000176678,-7.56E-05,9.10E-06,0.000669942
677,555.8,-0.00019125,-8.28E-05,2.16E-05,0.000672665
678,556,-0.000209808,-7.32E-05,2.00E-05,0.000678601
679,556.2,-0.000220518,-5.82E-05,5.51E-07,0.000680649
680,556.4,-0.000233076,-7.75E-05,4.92E-07,0.000678822
681,556.6,-0.00025151,-6.93E-05,6.89E-06,0.000680846
682,556.8,-0.000260782,-5.46E-05,2.31E-05,0.000681577
683,557,-0.00027333,-6.15E-05,1.66E-05,0.000690081
684,557.2,-0.000285364,-8.17E-05,1.33E-06,0.000688217
685,557.4,-0.000306003,-8.38E-05,9.40E-06,0.000690613
686,557.6,-0.000318894,-5.81E-05,6.85E-06,0.000691978
687,557.8,-0.000329234,-5.13E-05,9.80E-06,0.000693352
688,558,-0.000339399,-6.31E-05,8.38E-06,0.000695899
689,558.2,-0.000354461,-6.84E-05,7.91E-06,0.000696703
690,558.4,-0.000366777,-5.49E-05,1.47E-05,0.000699063
691,558.6,-0.000376413,-5.35E-05,2.27E-05,0.000702571
692,558.8,-0.000388178,-5.15E-05,2.79E-05,0.00070814
693,559,-0.000396997,-5.78E-05,2.23E-05,0.000713736
694,559.2,-0.000411287,-6.02E-05,1.64E-05,0.000717049
695,559.4,-0.00042107,-5.72E-05,1.10E-05,0.000720288
696,559.6,-0.00043417,-6.39E-05,1.43E-05,0.000721455
697,559.8,-0.000446642,-5.52E-05,1.81E-05,0.00072602
698,560,-0.000456235,-5.53E-05,9.13E-06,0.000728702
699,560.2,-0.000468754,-6.50E-05,1.35E-06,0.000729672
700,560.4,-0.000482251,-8.60E-05,8.20E-06,0.000729243
701,560.6,-0.000503173,-9.39E-05,5.20E-06,0.000732951
702,560.8,-0.000519807,-7.77E-05,1.43E-05,0.000731322
703,561,-0.000534242,-6.44E-05,4.17E-05,0.000738676
704,561.2,-0.000545559,-6.94E-05,2.54E-05,0.000748006
705,561.4,-0.000561984,-5.81E-05,1.02E-05,0.000748846
706,561.6,-0.000568783,3.95E-05,1.11E-05,0.000752103
707,561.8,-0.000546194,0.000120544,-6.95E-08,0.000753286
708,562,-0.000520566,0.000120418,1.42E-05,0.000752075
709,562.2,-0.000498027,0.000139838,1.66E-05,0.000758952
710,562.4,-0.00046463,0.00016048,2.81E-06,0.000758703
711,562.6,-0.000433835,0.000142211,2.79E-06,0.000760077
712,562.8,-0.000407746,0.000141808,3.73E-06,0.00075982
713,563,-0.000377112,0.00014743,-7.87E-06,0.000761568
714,563.2,-0.000348774,0.000146252,-1.81E-05,0.000756673
715,563.4,-0.000318611,0.000143064,-4.46E-07,0.000754318
716,563.6,-0.000291549,0.00013834,-3.16E-07,0.000756494
717,563.8,-0.000263275,0.000140874,-1.74E-05,0.000754192
718,564,-0.000235199,0.000135671,-2.71E-05,0.000749525
719,564.2,-0.000209006,0.000139935,-2.30E-05,0.000743353
720,564.4,-0.000179225,0.000135782,-2.31E-06,0.000740334
721,564.6,-0.000154694,0.000128897,1.20E-05,0.000742427
722,564.8,-0.000127666,0.000151837,4.50E-06,0.000745122
723,565,-9.40E-05,0.000155357,-6.32E-06,0.000744226
724,565.2,-6.55E-05,0.000129296,-1.16E-05,0.000742596
725,565.4,-4.22E-05,0.00012301,-4.41E-06,0.000739568
726,565.6,-1.63E-05,0.000139228,-5.23E-06,0.00074083
727,565.8,1.35E-05,0.000140806,7.19E-06,0.000737477
728,566,4.00E-05,0.000129969,2.36E-05,0.000743705
729,566.2,6.54E-05,0.000135603,-5.84E-08,0.000746916
730,566.4,9.42E-05,0.000156221,-8.93E-06,0.000743682
731,566.6,0.000127927,0.00015498,1.72E-07,0.000743346
732,566.8,0.000156236,0.000136558,1.03E-06,0.00074375
733,567,0.00018255,0.000134802,7.83E-06,0.000743757
734,567.2,0.000210157,0.00013092,6.76E-06,0.000746883
735,567.4,0.000234918,0.000131336,-9.96E-07,0.000746459
736,567.6,0.000262691,0.000137943,1.26E-05,0.000746484
737,567.8,0.000290096,0.000156433,9.67E-06,0.000751512
738,568,0.000325265,0.000149784,-3.36E-06,0.000750354
739,568.2,0.000350009,0.000128815,1.90E-06,0.000750167
740,568.4,0.000376791,0.000140301,1.23E-06,0.000751115
741,568.6,0.00040613,0.000131116,6.03E-06,0.000750661
742,568.8,0.000429237,0.000124348,7.23E-06,0.000753528
743,569,0.000455869,0.000128282,2.12E-05,0.000753553
744,569.2,0.00048055,0.000137459,1.51E-05,0.000762016
745,569.4,0.000510852,0.000130605,-6.17E-06,0.000759587
746,569.6,0.000532792,0.000130694,1.27E-05,0.000759549
747,569.8,0.00056313,0.000141527,2.48E-06,0.00076465
748,570,0.000589403,0.000136992,-1.79E-05,0.000760541
749,570.2,0.000617927,0.000143496,-6.94E-07,0.000757497
750,570.4,0.000646801,0.000143853,8.53E-07,0.000760263
751,570.6,0.000675468,0.000136408,-1.99E-06,0.000757838
752,570.8,0.000701364,0.000125974,6.84E-06,0.000759468
753,571,0.000725857,0.000117608,1.66E-05,0.000760575
754,571.2,0.000748407,0.000124658,1.05E-05,0.000766102
755,571.4,0.000775721,0.000142752,3.85E-06,0.00076477
756,571.6,0.000805508,0.000142641,2.00E-05,0.000767643
757,571.8,0.000832777,0.00013784,1.92E-05,0.000772769
758,572,0.000860644,0.000143162,2.14E-06,0.000775311
759,572.2,0.000890042,0.000143722,-2.49E-06,0.000773626
760,572.4,0.000918133,0.000131813,-8.16E-06,0.000774315
761,572.6,0.000942767,0.000130196,-1.55E-05,0.000770361
762,572.8,0.000970211,0.000153635,-1.94E-05,0.000768096
763,573,0.001004221,0.000164513,-1.44E-05,0.000762589
764,573.2,0.001036016,0.00014152,-2.13E-06,0.000762327
765,573.4,0.001060829,0.000138386,5.92E-06,0.000761736
766,573.6,0.001091371,0.000149681,-1.46E-06,0.000764696
767,573.8,0.001120701,0.000144574,-4.56E-06,0.000761152
768,574,0.0011492,0.000138684,1.85E-06,0.000762873
769,574.2,0.001176175,0.000136214,-7.11E-06,0.000761893
770,574.4,0.001203686,0.000140577,1.57E-06,0.000760029
771,574.6,0.001232406,0.000137694,7.96E-06,0.000762521
772,574.8,0.001258763,0.000132371,-1.43E-06,0.000763212
773,575,0.001285354,0.000150102,-2.75E-07,0.00076195
774,575.2,0.001318804,0.000163015,1.17E-05,0.000763102
775,575.4,0.00135056,0.000153414,1.34E-05,0.000766644
776,575.6,0.00138017,0.000152031,4.14E-06,0.000768472
777,575.8,0.001411373,0.000151841,-1.71E-07,0.000768298
778,576,0.001440906,0.000151813,1.59E-05,0.000768403
779,576.2,0.001472098,0.000157215,1.22E-05,0.000774647
780,576.4,0.001503792,0.00015397,-4.06E-06,0.000773301
781,576.6,0.001533686,0.000156994,-5.61E-06,0.000773023
782,576.8,0.00156659,0.00015055,-8.78E-06,0.000771056
783,577,0.001593906,0.000137316,-3.06E-06,0.00076951
784,577.2,0.001621516,8.75E-05,-5.27E-07,0.000769831
785,577.4,0.001628891,-3.49E-06,-1.06E-07,0.0007693
786,577.6,0.00162012,-6.42E-05,8.51E-06,0.000769788
787,577.8,0.001603212,-7.53E-05,7.66E-06,0.000772705
788,578,0.001589991,-5.45E-05,-4.94E-06,0.000772854
789,578.2,0.001581422,-4.80E-05,5.71E-06,0.00077073
790,578.4,0.001570799,-6.46E-05,1.22E-05,0.000775136
791,578.6,0.001555589,-7.33E-05,6.82E-06,0.000775608
792,578.8,0.00154149,-6.65E-05,1.45E-05,0.000777862
793,579,0.001528974,-8.35E-05,1.54E-05,0.000781421
794,579.2,0.001508075,-8.20E-05,5.56E-07,0.000784005
795,579.4,0.001496159,-6.71E-05,-3.92E-06,0.000781643
796,579.6,0.001481236,-6.64E-05,9.95E-06,0.000782436
797,579.8,0.001469619,-6.54E-05,1.54E-05,0.000785624
798,580,0.001455072,-7.14E-05,1.41E-06,0.000788579
799,580.2,0.001441071,-6.46E-05,-2.38E-06,0.000786189
800,580.4,0.001429228,-6.14E-05,1.56E-05,0.000787629
801,580.6,0.001416497,-6.30E-05,9.56E-06,0.000792446
802,580.8,0.001404034,-7.44E-05,-6.00E-06,0.000791454
803,581,0.001386717,-7.47E-05,-8.41E-06,0.000790047
804,581.2,0.00137416,-6.66E-05,-5.47E-06,0.000788088
805,581.4,0.00136008,-7.59E-05,-8.42E-06,0.000787861
806,581.6,0.001343814,-8.36E-05,-7.32E-06,0.000784718
807,581.8,0.001326647,-7.98E-05,1.05E-05,0.000784935
808,582,0.001311907,-7.81E-05,9.57E-06,0.000788914
809,582.2,0.001295423,-8.84E-05,1.31E-06,0.000788762
810,582.4,0.001276556,-8.05E-05,5.05E-07,0.000789437
811,582.6,0.00126324,-7.47E-05,-5.69E-06,0.000788964
812,582.8,0.001246678,-6.76E-05,-1.14E-05,0.000787161
813,583,0.001236215,-5.25E-05,-7.54E-06,0.000784417
814,583.2,0.00122568,-6.50E-05,2.36E-07,0.000784145
815,583.4,0.0012102,-8.25E-05,1.22E-05,0.000784512
816,583.6,0.001192672,-8.05E-05,1.30E-05,0.000789034
817,583.8,0.001178013,-6.95E-05,-4.62E-06,0.000789719
818,584,0.001164884,-6.57E-05,-3.68E-07,0.000787188
819,584.2,0.001151746,-7.02E-05,1.58E-05,0.000789571
820,584.4,0.001136796,-6.41E-05,9.13E-06,0.000793504
821,584.6,0.001126101,-6.72E-05,2.60E-05,0.000793223
822,584.8,0.001109918,-7.73E-05,2.78E-05,0.000803887
823,585,0.001095162,-7.61E-05,-4.39E-06,0.000804361
824,585.2,0.001079474,-8.19E-05,-1.37E-05,0.000802131
825,585.4,0.001062386,-8.48E-05,-1.16E-05,0.00079887
826,585.6,0.001045555,-7.54E-05,1.56E-06,0.000797491
827,585.8,0.001032224,-5.95E-05,2.81E-05,0.000799495
828,586,0.001021773,-7.66E-05,3.22E-05,0.000808731
829,586.2,0.001001587,-8.60E-05,1.27E-05,0.000812376
830,586.4,0.000987389,-6.83E-05,2.51E-06,0.000813805
831,586.6,0.00097426,-6.28E-05,2.83E-07,0.000813379
832,586.8,0.000962253,-5.83E-05,-3.90E-05,0.000813918
833,587,0.00095096,-6.31E-05,3.05E-06,0.000797793
834,587.2,0.000936994,-5.49E-05,7.63E-06,0.000815138
